comment,sentiment
"I love this product!",positive
"This is absolutely terrible.",negative
"It works okay, nothing special.",neutral
"Amazing experience from start to finish.",positive
"I wouldn’t recommend this to anyone.",negative
"It's alright I guess.",neutral
"Super helpful and easy to use!",positive
"Terrible interface and slow response.",negative
"Does the job, but could be better.",neutral
"Completely exceeded my expectations.",positive
"Not worth the price at all.",negative
"Kind of average.",neutral
"Fantastic design and great functionality.",positive
"Very buggy and crashes often.",negative
"Just okay.",neutral
"Wonderful service and fast delivery!",positive
"The app keeps freezing.",negative
"Nothing extraordinary, just works.",neutral
"Top-notch features!",positive
"Disappointed with the support team.",negative
"I guess it's fine for what it is.",neutral
"Brilliant work!",positive
"Doesn’t live up to the hype.",negative
"Mediocre at best.",neutral
"Exactly what I needed.",positive
"Annoying bugs everywhere.",negative
"It's okay, but needs improvement.",neutral
"Five stars from me!",positive
"The worst update so far.",negative
"Not good, not bad.",neutral
"Perfect for my workflow.",positive
"Too many glitches.",negative
"Meh, it's decent.",neutral
"I absolutely love using this!",positive
"Very disappointing performance.",negative
"Feels outdated.",neutral
"Truly amazing product!",positive
"I regret installing this.",negative
"Could use more features.",neutral
"Impressive quality!",positive
"Crashes every time I try to open it.",negative
"Just an average tool.",neutral
"Really smooth and reliable!",positive
"Not user-friendly at all.",negative
"Doesn’t stand out.",neutral
"I’m very happy with it!",positive
"Poor execution of a good idea.",negative
"It’s fine for small tasks.",neutral
"Highly recommend this to everyone!",positive
